<?xml version="1.0" encoding="UTF-8"?>
<library xmlns="http://www.netbeans.org/ns/library-declaration/3" version="3.0">
    <name>ZooKeeperLog4j</name>
    <type>j2se</type>
    <display-name>ZooKeeperLib</display-name>
    <volume>
        <type>classpath</type>
        <resource>jar:file:/home/mchen/codebase/zookeeper-3.4.6/lib/jline-0.9.94.jar!/</resource>
        <resource>jar:file:/home/mchen/codebase/zookeeper-3.4.6/lib/log4j-1.2.16.jar!/</resource>
        <resource>jar:file:/home/mchen/codebase/zookeeper-3.4.6/lib/netty-3.7.0.Final.jar!/</resource>
        <resource>jar:file:/home/mchen/codebase/zookeeper-3.4.6/lib/slf4j-api-1.6.1.jar!/</resource>
        <resource>jar:file:/home/mchen/codebase/zookeeper-3.4.6/lib/slf4j-log4j12-1.6.1.jar!/</resource>
        <resource>jar:file:/home/mchen/codebase/zookeeper-3.4.6/contrib/ZooInspector/zookeeper-3.4.6-ZooInspector.jar!/</resource>
        <resource>jar:file:/home/mchen/codebase/zookeeper-3.4.6/contrib/ZooInspector/lib/jtoaster-1.0.4.jar!/</resource>
        <resource>jar:file:/home/mchen/codebase/zookeeper-3.4.6/contrib/loggraph/zookeeper-3.4.6-loggraph.jar!/</resource>
        <resource>jar:file:/home/mchen/codebase/zookeeper-3.4.6/contrib/rest/zookeeper-3.4.6-rest.jar!/</resource>
        <resource>jar:file:/home/mchen/codebase/zookeeper-3.4.6/contrib/fatjar/zookeeper-3.4.6-fatjar.jar!/</resource>
    </volume>
    <volume>
        <type>src</type>
    </volume>
    <volume>
        <type>javadoc</type>
    </volume>
    <volume>
        <type>maven-pom</type>
    </volume>
    <properties/>
</library>
